{"_runtime":6015,"_timestamp":1.7654204175244548e+09,"train/mean_length":48.76190476190476,"train/mean_return":131.45734378835982,"train/policy_loss":-0.00278366357088089,"_step":13,"train/total_loss":206.908935546875,"_wandb":{"runtime":6015},"train/epoch_time":218.63419318199158,"train/value_loss":413.83856201171875,"train/entropy":0.37783604860305786}