{"epoch":15,"train/epoch_time":102.67697811126709,"train/entropy":2.653749465942383,"train/policy_loss":-0.20075547695159912,"_timestamp":1.765226323229942e+09,"train/mean_return":3.9520450885668277,"train/mean_length":8.533333333333333,"train/value_loss":6.404727935791016,"_step":14,"_runtime":284,"_wandb":{"runtime":284},"train/total_loss":2.895458459854126}